"","Film","Released_Year","Released_month","Director","Cast_1","Cast_2","Genre_1","Genre_2","IMDB_Ratings","IMDB_Users","Budget_in_crore.INR.","Worldwide_box_office_gross_in_crore.INR."
"173","Dangal",2016,"December","Nitesh Tiwari","Aamir Khan","Sakshi Tanwar","Biography","",8.4,181817,132,702.48
"37","Bajrangi Bhaijaan",2015,"July","Kabir Khan","Salman Khan","Kareena Kapoor","Action","Drama",8.1,84768,125,603.99
"343","Sanju",2018,"June","Rajkumar Hirani","Ranbir Kapoor","Anushka Sharma","Biography ","",7.6,52977,96,578.45
"130","Sultan",2016,"July","Ali Abbas Zafar","Salman Khan","Randeep Hooda","Sports","",7.1,45224,145,577.29
"278","Tiger Zinda Hai",2017,"December","Ali Abbas Zafar","Salman Khan","Katrina Kaif","Action","",5.9,28510,210,565.1
"291","Padmaavat",2018,"January","Sanjay Leela Bhansali","Deepika Padukone","Ranveer Singh","Drama","",7,31272,215,545.93
"524","War",2019,"October","Siddharth Anand","Hrithik Roshan"," Tiger Shroff","Action","Drama",6.5,23816,205,442.42
"414","Simmba",2018,"December","Rohit Shetty","Ranveer Singh","Sara Ali Khan","Comedy","Romance",5.7,23270,139,391.68
"480","Kabir Singh",2019,"June","Sandeep Reddy Vanga","Shahid Kapoor"," Kiara Advani","Drama","Romance",7,31320,68,373.5
"69","Dilwale",2015,"December","Rohit Shetty","Shahrukh Khan","Kajol","Action","Romance",5.1,34213,165,372.23
"65","Prem Ratan Dhan Payo",2015,"November","Sooraj Barjatya","Salman Khan","Sonam Kapoor","Drama","",4.5,21791,180,365.45
"552","Tanhaji: The Unsung Warrior",2020,"January","Om Raut","Ajay Devgn"," Saif Ali Khan","Drama","War",7.6,28560,172,361.78
"68","Bajirao Mastani",2015,"December","Sanjay Leela Bhansali","Ranveer Singh","Deepika Padukone","Drama","",7.3,34169,145,356.2
"427","Uri",2019,"January","Aditya Dhar","Vicky Kaushal"," Yami Gautam","War","Drama",8.2,58473,44,338.4
"257","Golmaal Again",2017,"October","Rohit Shetty","Ajay Devgn","Tabu","Comedy","",4.9,9210,142,311.05
"485","Bharat",2019,"June","Ali Abbas Zafar","Salman Khan"," Katrina Kaif","Action","Adventure",4.7,30606,240,308.7
"344","Race 3",2018,"June","Remo DSouza","Salman Khan","Jacqueline Fernandez","Action","Thriller",1.9,45962,185,305.16
"539","Good Newwz",2019,"December","Raj Mehta","Akshay Kumar"," Kareena Kapoor`","Drama","Romance",6.8,19543,117,304.27
"674","Sooryavanshi",2021,"November","Rohit Shetty","Akshay Kumar"," Katrina Kaif","Action","Thriller",6.9,74999,250,298.84
"511","Housefull 4",2019,"October","Farhad Samji","Akshay Kumar"," Kriti Sanon","Comedy","Drama",3.5,12474,162,294.8
"497","Mission Mangal",2019,"August","Jagan Shakti","Akshay Kumar"," Vidya Balan","Drama","Thriller",6.5,15408,95,279.69
"177","Raees",2017,"January","Rahul Dholakia","Shahrukh Khan","Mahira Khan","Drama","",6.8,43782,127,272.52
"312","Baaghi 2",2018,"March","Ahmed Khan","Tiger Shroff","Disha Patani","Action","Romance",4.8,10489,59,251.05
"409","Thugs Of Hindostan",2018,"November","Vijay Krishna Acharya","Amitabh Bachchan","Aamir Khan","Action","Thriller",4,19352,310,245.09
"26","Tanu Weds Manu Returns",2015,"May","Anand L Rai","Kangana Ranaut","Madhavan","Drama","",7.7,28557,39,243.64
"436","Gully Boy",2019,"February","Zoya Akhtar","Ranveer Singh"," Alia Bhatt","Drama","Romance",7.9,38069,84,230.28
"153","Ae Dil Hai Mushkil",2016,"October","Karan Johar","Ranbir Kapoor","Aishwarya Rai Bachchan","Romance","Drama",5.8,22923,98,229.56
"432","Total Dhamaal",2019,"February","Indra Kumar","Ajay Devgn"," Madhuri Dixit","Adventure ","Comedy",4.1,6880,113,227.21
"395","Badhaai Ho",2018,"October","Amit Sharma","Ayushmann Khurrana","Sanya Malhotra","Comedy","Family",8,33416,29,219.54
"540","Dabangg 3",2019,"December","Prabhu Deva","Salman Khan"," Sudeep","Action","Comedy",3,18585,178,217.85
"137","Rustom",2016,"August","Tinu Suresh Desai","Akshay Kumar","Esha Gupta","Action","Romance",7,26167,73,214
"74","Airlift",2016,"January","Raja Krishna Menon","Akshay Kumar","Nimrat Kaur","Action","",8,56360,68,209.97
"215","Tubelight",2017,"June","Kabir Khan","Salman Khan","Sohail Khan","Drama","War",4.1,20014,135,207.99
"242","Judwaa 2",2017,"September","David Dhawan","Varun Dhawan","Taapsee Pannu","Comedy","",3.6,10585,63,206.65
"491","Super 30",2019,"July","Vikas Bahl","Hrithik Roshan"," Pankaj Tripathi","Biography","Drama",7.9,29804,120,205.35
"509","Chhichhore",2019,"September","Nitesh Tiwari","Sushant Singh Rajput"," Shraddha Kapoor","Comedy","Drama",8.2,49672,53,203.63
"450","Kesari",2019,"March","Anurag Singh","Akshay Kumar"," Parineeti Chopra","Drama","War",7.4,19383,126,201.3
"238","Toilet Ek Prem Katha",2017,"August","Shree Narayan Singh","Akshay Kumar","Bhumi Pednekar","Comedy","Romance",7.2,20663,75,200.08
"508","Dream Girl",2019,"September","Raaj Shaandilyaa","Ayushmann Khurrana"," Nushrat Bharucha","Comedy","Romance",7,14054,36,195.44
"124","Housefull 3",2016,"June","Sajid Samji, Farhad Samji","Akshay Kumar","Abhishek Bachchan","Comedy","",4.9,9450,97,194.94
"198","Badrinath Ki Dulhania",2017,"March","Shashank Khaitan","Varun Dhawan","Alia Bhatt","Comedy","Romance",6.1,12080,44,194.82
"336","Raazi",2018,"May","Meghna Gulzar","Alia Bhatt","Vicky Kaushal","Drama","War",7.7,29831,38,193.58
"415","Zero",2018,"December","Anand L Rai","Shahrukh Khan","Anushka Sharma","Action","Comedy",5.2,27174,270,191.44
"141","MS Dhoni - The Untold Story",2016,"September","Neeraj Pandey","Sushant Singh Rajput","Kiara Advani","Biography","",8,53372,110,189.83
"102","Fan",2016,"April","Maneesh Sharma","Shahrukh Khan","Shriya Pilgaonkar","Drama","",7,45180,120,188
"676","83 (2021)",2021,"December","Kabir Khan","Ranveer Singh"," Jeeva","Biography","Drama",7.7,31683,260,186.97
"188","Jolly LLB 2",2017,"February","Subhash Kapoor","Akshay Kumar","Annu Kapoor","Comedy","",7.2,24956,83,182.73
"356","Stree",2018,"August","Amar Kaushik","Shraddha Kapoor","Rajkummar Rao","Horror","",7.5,33028,24,171.68
"53","Welcome Back",2015,"September","Anees Bazmee","John Abraham","Shruti Haasan","Comedy","",4.2,5993,108,168.77
"32","ABCD Any Body Can Dance 2",2015,"June","Remo Dsouza","Varun Dhawan","Shraddha Kapoor","Drama","",5.4,6307,65,163.31
"529","Hotel Mumbai",2019,"November","Anthony Maras","Anupam Kher"," Dev Patel","Drama","",7.6,61484,15,158
"178","Kaabil",2017,"January","Sanjay Gupta","Hrithik Roshan","Yami Gautam","Drama","",7.2,26484,89,154.51
"362","Gold",2018,"August","Reema Kagti","Akshay Kumar","Kunal Kapoor","Sports ","Drama",7.3,13668,107,149.54
"302","Sonu Ke Titu Ki Sweety",2018,"February","Luv Ranjan","Kartik Aaryan`","Nushrat Bharucha","Comedy","Romance",7.1,21876,40,148.05
"239","Jab Harry Met Sejal",2017,"August","Imtiaz Ali","Shahrukh Khan","Anushka Sharma","Comedy","Romance",5,20482,119,147.76
"317","Raid",2018,"March","Rajkumar Gupta","Ajay Devgn","Ileana D Cruz","Action","Thriller",7.4,17188,72,145.72
"461","Kalank",2019,"April","Abhishek Varman","Madhuri Dixit"," Sonakshi Sinha","Action","Drama",3.4,16514,137,145.51
"34","Dil Dhadakne Do",2015,"June","Zoya Akhtar","Farhan Akhtar","Ranveer Singh","Romance","",7,17261,83,144.79
"91","Kapoor & Sons",2016,"March","Shakun Batra","Sidharth Malhotra","Fawad Khan","Drama","",7.7,25760,38,143.28
"1","Baby",2015,"January","Neeraj Pandey","Akshay Kumar","Danny Denzongpa","Action","Thriller",8,56882,58.97,142.99
"28","Piku",2015,"May","Shoojit Sircar","Amitabh Bachchan","Deepika Padukone","Drama","",7.6,31396,42,141.26
"163","Dear Zindagi",2016,"November","Gauri Shinde","Shahrukh Khan","Alia Bhatt","Drama","",7.5,39294,46,138.91
"347","Veere Di Wedding",2018,"June","Shashanka Ghosh","Sonam Kapoor","Kareena Kapoor","Comedy","Drama",3.3,12751,42,137.98
"457","Badla",2019,"March","Sujoy Ghosh","Amitabh Bachchan"," Taapsee Pannu","Drama","Thriller",7.8,27112,37,137.48
"63","Tamasha",2015,"November","Imtiaz Ali","Ranbir Kapoor","Deepika Padukone","Adventure","",7.3,26946,87,136.64
"649","Shershaah",2021,"August","Vishnu Vardhan","Sidharth Malhotra"," Kiara Advani","Biography","Drama",8.7,116479,55,136
"573","Baaghi 3",2020,"March","Ahmed Khan","Tiger Shroff"," Ankita Lokhande","Action","Romance",2.2,11909,85,135.92
"30","Gabbar Is Back",2015,"May","Radha Krishna Jagarlamudi","Akshay Kumar","Shruti Haasan","Social","",7.1,24770,79,135.81
"418","Manikarnika The Queen Of Jhansi",2019,"January","Radha Krishna Jagarlamudi, Kangana Ranaut","Kangana Ranaut"," Danny Denzongpa","History","",6.4,14705,99,131.11
"474","De De Pyaar De",2019,"May","Akiv Ali","Ajay Devgn"," Rakul Preet Singh","Comedy","Drama",6.5,8133,78,131.02
"537","Bala",2019,"November","Amar Kaushik","Ayushmann Khurrana"," Bhumi Pednekar","Drama","Family",7.3,14296,32,131
"96","Baaghi",2016,"April","Sabir Khan","Tiger Shroff","Shraddha Kapoor","Romance","",5.3,8773,37,129.97
"310","Pad Man",2018,"February","R Balki","Akshay Kumar","Sonam Kapoor","Biography ","Drama",7.9,25272,76,128.09
"61","Singh Is Bling",2015,"October","Prabhu Deva","Akshay Kumar","Amy Jackson","Action","Comedy",5.1,8415,91,125.38
"602","Laxmii",2020,"November","Raghava Lawrence","Akshay Kumar"," Kiara Advani","Comedy","Horror",2.7,56714,60,125
"154","Shivaay",2016,"October","Ajay Devgn","Ajay Devgn","Sayyeshaa Saigal","Action","Drama",6.2,10441,103,124.15
"44","Brothers",2015,"August","Karan Malhotra","Akshay Kumar","Sidharth Malhotra","Drama","",6.5,12872,112,123.1
"258","Secret Superstar",2017,"October","Advait Chandan","Aamir Khan","Zaira Wasim","Drama","",7.8,24295,45,122.54
"458","Luka Chuppi",2019,"March","Laxman Utekar","Kartik Aaryan"," Kriti Sanon","Comedy","Romance",6.3,11147,34,122
"369","Sui Dhaaga - Made In India",2018,"September","Sharat Katariya","Varun Dhawan","Anushka Sharma","Comedy","",6.7,8223,48,120.07
"126","Dishoom",2016,"July","Rohit Dhawan","Varun Dhawan","John Abraham","Action","Thriller",5.1,7843,61,118.76
"83","Neerja",2016,"February","Ram Madhvani","Sonam Kapoor","Shekhar Ravjiani","Biography","",7.6,22521,28,118.72
"401","Andhadhun",2018,"October","Sriram Raghavan","Ayushmann Khurrana","Tabu","Drama","Thriller",8.2,88882,32,114.33
"496","Batla House",2019,"August","Nikkhil Advani","John Abraham"," Mrunal Thakur","Action","Drama",7.2,11590,56,112.88
"282","Fukrey Returns",2017,"December","Mrigdeep Singh Lamba","Pulkit Samrat","Varun Sharma","Comedy","",6.5,5373,29,112.28
"352","Dhadak",2018,"July","Shashank Khaitan","Janhvi Kapoor","Ishaan Khatter","Drama","",4.5,9871,41,111.79
"36","Drishyam",2015,"July","Nishikant Kamat","Ajay Devgn","Tabu","Thriller","",8.2,79403,62,110.43
"544","Pati Patni Aur Who",2019,"December","Mudassar Aziz","Kartik Aaryan"," Ananya Panday","Drama","Romance",5.8,7142,43,109.89
"147","Pink",2016,"September","Aniruddha Roy Chowdhury","Amitabh Bachchan","Taapsee Pannu","Drama","",8.1,44110,29,108.88
"361","Satyameva Jayate",2018,"August","Milap Zaveri","John Abraham","Manoj Bajpayee","Action","Thriller",5.7,7279,45,108.25
"135","Mohenjo Daro",2016,"August","Ashutosh Gowariker","Hrithik Roshan","Pooja Hegde","Drama","",5.7,11588,138,104.08
"175","Befikre",2016,"December","Aditya Chopra","Ranveer Singh","Vaani Kapoor","Drama","",4,7603,64,103.99
"105","Ki And Ka",2016,"April","R Balakrishnan","Arjun Kapoor","Kareena Kapoor","Comedy","Romance",5.7,5700,20,103
"417","Kedarnath",2018,"December","Abhishek Kapoor","Sushant Singh Rajput","Sara Ali Khan","Drama","Romance",6.7,13631,68,102.78
"253","Baadshaho",2017,"September","Milan Luthria","Ajay Devgn","Emraan Hashmi","Action","Thriller",4.9,4814,90,101.18
"604","Coolie No 1",2020,"December","David Dhawan","Varun Dhawan"," Sara Ali Khan","Comedy","Romance",4.2,73199,65,100
"120","Udta Punjab",2016,"June","Abhishek Chaubhey","Shahid Kapoor","Kareena Kapoor","Thriller","",7.8,29948,47,96.08
"475","Student Of The Year 2",2019,"May","Punit Malhotra","Tiger Shroff"," Ananya Panday","Action","Comedy",2.1,21259,65,93.52
"210","Hindi Medium",2017,"May","Saket Chaudhary","Irrfan Khan","Saba Qamar","Drama","",7.8,27890,23,91.86
"478","Article 15",2019,"June","Anubhav Sinha","Ayushmann Khurrana"," Isha Talwar","Drama","Thriller",8.2,32351,30,91.8
